width, height, nodes, type, steps, time(ms), mlups, machine
128, 64, 8192, cpu, 1000, 546, 15.003663, turing
256, 128, 32768, cpu, 1000, 3084, 10.625162, turing
512, 1024, 524288, cpu, 1000, 119875, 4.373622, turing
1024, 2048, 1097152, cpu, 1000, , turing

128, 64, 8192, gpu, 1000, 22, 372.363648, turing
256, 128, 32768, gpu, 1000, 30, 1092.266624, turing
512, 1024, 524288, gpu, 1000, 260, 2016.492288, turing
1024, 2048, 1097152, gpu, 1000, 949, 2209.854464, turing


